Token1,Token2,Protocol,PoolID,Rating,ROI,StrategyRating
DAI,DAI,spark,c8a24fee-ec00-4f38-86c0-9f6daebc4225,1043405632992,8,518663825611705221120.00
USDC,USDC,aave,d9fa8e14-0447-4207-9ae8-7810199dfa1f,8413929736,11.86169,27216397119694905344.00
USDC,USDT,curve-finance,4f3f9753-a071-4524-a564-35372a76c78d,9845835860,12.81366,22093031671361564672.00
USDC,USDC,morpho,325ad2d6-70b1-48d7-a557-c2c99a036f87,17996460680,5.82594,18347619479516815360.00
USDT,USDT,pancakeswap,8a922da8-ee3c-44c8-a6c0-68bed39089c2,9846201060,11.30774,16740042216668358656.00
USDT,USDT,kamino,546b3c0c-138d-4190-b46b-efa1765f1dd3,653751350,12.73524,1002421307005635968.00
USDC,USDC,convex-finance,59efd00b-0613-42fc-9799-7e43a9350a5d,67937350,39.57852,103887922836168576.00
